"FemaleLastName","MaleLastName","FemaleFirstName","MaleFirstName","FemaleLastNameNationalChars","MaleLastNameNationalChars","FemaleFirstNameNationalChars","MaleFirstNameNationalChars"
"Smith","Smith","Jessica","Michael","Smith","Smith","Jessica","Michael"
"Johnson","Johnson","Jennifer","Christopher","Johnson","Johnson","Jennifer","Christopher"
"Williams","Williams","Amanda","Matthew","Williams","Williams","Amanda","Matthew"
"Brown","Brown","Ashley","Joshua","Brown","Brown","Ashley","Joshua"
"Jones","Jones","Sarah","David","Jones","Jones","Sarah","David"
"Miller","Miller","Stephanie","James","Miller","Miller","Stephanie","James"
"Davis","Davis","Melissa","Daniel","Davis","Davis","Melissa","Daniel"
"Garcia","Garcia","Nicole","Robert","Garcia","Garcia","Nicole","Robert"
"Rodriguez","Rodriguez","Elizabeth","John","Rodriguez","Rodriguez","Elizabeth","John"
"Wilson","Wilson","Heather","Joseph","Wilson","Wilson","Heather","Joseph"
"Martinez","Martinez","Tiffany","Jason","Martinez","Martinez","Tiffany","Jason"
"Anderson","Anderson","Michelle","Justin","Anderson","Anderson","Michelle","Justin"
"Taylor","Taylor","Amber","Andrew","Taylor","Taylor","Amber","Andrew"
"Thomas","Thomas","Megan","Ryan","Thomas","Thomas","Megan","Ryan"
"Hernandez","Hernandez","Amy","William","Hernandez","Hernandez","Amy","William"
"Moore","Moore","Rachel","Brian","Moore","Moore","Rachel","Brian"
"Martin","Martin","Kimberly","Brandon","Martin","Martin","Kimberly","Brandon"
"Jackson","Jackson","Christina","Jonathan","Jackson","Jackson","Christina","Jonathan"
"Thompson","Thompson","Lauren","Nicholas","Thompson","Thompson","Lauren","Nicholas"
"White","White","Crystal","Anthony","White","White","Crystal","Anthony"
"Lopez","Lopez","Brittany","Eric","Lopez","Lopez","Brittany","Eric"
"Lee","Lee","Rebecca","Adam","Lee","Lee","Rebecca","Adam"
"Gonzalez","Gonzalez","Laura","Kevin","Gonzalez","Gonzalez","Laura","Kevin"
"Harris","Harris","Danielle","Thomas","Harris","Harris","Danielle","Thomas"
"Clark","Clark","Emily","Steven","Clark","Clark","Emily","Steven"
"Lewis","Lewis","Samantha","Timothy","Lewis","Lewis","Samantha","Timothy"
"Robinson","Robinson","Angela","Richard","Robinson","Robinson","Angela","Richard"
"Walker","Walker","Erin","Jeremy","Walker","Walker","Erin","Jeremy"
"Perez","Perez","Kelly","Jeffrey","Perez","Perez","Kelly","Jeffrey"
"Hall","Hall","Sara","Kyle","Hall","Hall","Sara","Kyle"
"Young","Young","Lisa","Benjamin","Young","Young","Lisa","Benjamin"
"Allen","Allen","Katherine","Aaron","Allen","Allen","Katherine","Aaron"
"Sanchez","Sanchez","Andrea","Charles","Sanchez","Sanchez","Andrea","Charles"
"Wright","Wright","Jamie","Mark","Wright","Wright","Jamie","Mark"
"King","King","Mary","Jacob","King","King","Mary","Jacob"
"Scott","Scott","Erica","Stephen","Scott","Scott","Erica","Stephen"
"Green","Green","Courtney","Patrick","Green","Green","Courtney","Patrick"
"Baker","Baker","Kristen","Scott","Baker","Baker","Kristen","Scott"
"Adams","Adams","Shannon","Nathan","Adams","Adams","Shannon","Nathan"
"Nelson","Nelson","April","Paul","Nelson","Nelson","April","Paul"
"Hill","Hill","Katie","Sean","Hill","Hill","Katie","Sean"
"Ramirez","Ramirez","Lindsey","Travis","Ramirez","Ramirez","Lindsey","Travis"
"Campbell","Campbell","Kristin","Zachary","Campbell","Campbell","Kristin","Zachary"
"Mitchell","Mitchell","Lindsay","Dustin","Mitchell","Mitchell","Lindsay","Dustin"
"Roberts","Roberts","Christine","Gregory","Roberts","Roberts","Christine","Gregory"
"Carter","Carter","Alicia","Kenneth","Carter","Carter","Alicia","Kenneth"
"Phillips","Phillips","Vanessa","Jose","Phillips","Phillips","Vanessa","Jose"
"Evans","Evans","Maria","Tyler","Evans","Evans","Maria","Tyler"
"Turner","Turner","Kathryn","Jesse","Turner","Turner","Kathryn","Jesse"
"Torres","Torres","Allison","Alexander","Torres","Torres","Allison","Alexander"
"Parker","Parker","Julie","Bryan","Parker","Parker","Julie","Bryan"
"Collins","Collins","Anna","Samuel","Collins","Collins","Anna","Samuel"
"Edwards","Edwards","Tara","Derek","Edwards","Edwards","Tara","Derek"
"Stewart","Stewart","Kayla","Bradley","Stewart","Stewart","Kayla","Bradley"
"Flores","Flores","Natalie","Chad","Flores","Flores","Natalie","Chad"
"Morris","Morris","Victoria","Shawn","Morris","Morris","Victoria","Shawn"
"Nguyen","Nguyen","Monica","Edward","Nguyen","Nguyen","Monica","Edward"
"Murphy","Murphy","Jacqueline","Jared","Murphy","Murphy","Jacqueline","Jared"
"Rivera","Rivera","Holly","Cody","Rivera","Rivera","Holly","Cody"
"Cook","Cook","Kristina","Jordan","Cook","Cook","Kristina","Jordan"
"Rogers","Rogers","Patricia","Peter","Rogers","Rogers","Patricia","Peter"
"Morgan","Morgan","Cassandra","Corey","Morgan","Morgan","Cassandra","Corey"
"Peterson","Peterson","Brandy","Keith","Peterson","Peterson","Brandy","Keith"
"Cooper","Cooper","Whitney","Marcus","Cooper","Cooper","Whitney","Marcus"
"Reed","Reed","Chelsea","Juan","Reed","Reed","Chelsea","Juan"
"Bailey","Bailey","Brandi","Donald","Bailey","Bailey","Brandi","Donald"
"Bell","Bell","Catherine","Ronald","Bell","Bell","Catherine","Ronald"
"Gomez","Gomez","Cynthia","Phillip","Gomez","Gomez","Cynthia","Phillip"
"Kelly","Kelly","Kathleen","George","Kelly","Kelly","Kathleen","George"
"Howard","Howard","Veronica","Cory","Howard","Howard","Veronica","Cory"
"Ward","Ward","Leslie","Joel","Ward","Ward","Leslie","Joel"
"Cox","Cox","Natasha","Shane","Cox","Cox","Natasha","Shane"
"Diaz","Diaz","Krystal","Douglas","Diaz","Diaz","Krystal","Douglas"
"Richardson","Richardson","Stacy","Antonio","Richardson","Richardson","Stacy","Antonio"
"Wood","Wood","Diana","Raymond","Wood","Wood","Diana","Raymond"
"Watson","Watson","Erika","Carlos","Watson","Watson","Erika","Carlos"
"Brooks","Brooks","Dana","Brett","Brooks","Brooks","Dana","Brett"
"Bennett","Bennett","Jenna","Gary","Bennett","Bennett","Jenna","Gary"
"Gray","Gray","Meghan","Alex","Gray","Gray","Meghan","Alex"
"James","James","Carrie","Nathaniel","James","James","Carrie","Nathaniel"
"Reyes","Reyes","Leah","Craig","Reyes","Reyes","Leah","Craig"
"Cruz","Cruz","Melanie","Ian","Cruz","Cruz","Melanie","Ian"
"Hughes","Hughes","Brooke","Luis","Hughes","Hughes","Brooke","Luis"
"Price","Price","Karen","Derrick","Price","Price","Karen","Derrick"
"Myers","Myers","Alexandra","Erik","Myers","Myers","Alexandra","Erik"
"Long","Long","Valerie","Casey","Long","Long","Valerie","Casey"
"Foster","Foster","Caitlin","Philip","Foster","Foster","Caitlin","Philip"
"Sanders","Sanders","Julia","Frank","Sanders","Sanders","Julia","Frank"
"Ross","Ross","Alyssa","Evan","Ross","Ross","Alyssa","Evan"
"Morales","Morales","Jasmine","Gabriel","Morales","Morales","Jasmine","Gabriel"
"Powell","Powell","Hannah","Victor","Powell","Powell","Hannah","Victor"
"Sullivan","Sullivan","Stacey","Vincent","Sullivan","Sullivan","Stacey","Vincent"
"Russell","Russell","Brittney","Larry","Russell","Russell","Brittney","Larry"
"Ortiz","Ortiz","Susan","Austin","Ortiz","Ortiz","Susan","Austin"
"Jenkins","Jenkins","Margaret","Brent","Jenkins","Jenkins","Margaret","Brent"
"Gutierrez","Gutierrez","Sandra","Seth","Gutierrez","Gutierrez","Sandra","Seth"
"Perry","Perry","Candice","Wesley","Perry","Perry","Candice","Wesley"
"Butler","Butler","Latoya","Dennis","Butler","Butler","Latoya","Dennis"
"Barnes","Barnes","Bethany","Todd","Barnes","Barnes","Bethany","Todd"
"Fisher","Fisher","Misty","Christian","Fisher","Fisher","Misty","Christian"
