LastName,FemaleFirstName,MaleFirstName,LastNameNationalChars,FemaleFirstNameNationalChars,MaleFirstNameNationalChars
Smith,Jessica,Michael,Smith,Jessica,Michael
Johnson,Jennifer,Christopher,Johnson,Jennifer,Christopher
Williams,Amanda,Matthew,Williams,Amanda,Matthew
Brown,Ashley,Joshua,Brown,Ashley,Joshua
Jones,Sarah,David,Jones,Sarah,David
Miller,Stephanie,James,Miller,Stephanie,James
Davis,Melissa,Daniel,Davis,Melissa,Daniel
Garcia,Nicole,Robert,Garcia,Nicole,Robert
Rodriguez,Elizabeth,John,Rodriguez,Elizabeth,John
Wilson,Heather,Joseph,Wilson,Heather,Joseph
Martinez,Tiffany,Jason,Martinez,Tiffany,Jason
Anderson,Michelle,Justin,Anderson,Michelle,Justin
Taylor,Amber,Andrew,Taylor,Amber,Andrew
Thomas,Megan,Ryan,Thomas,Megan,Ryan
Hernandez,Amy,William,Hernandez,Amy,William
Moore,Rachel,Brian,Moore,Rachel,Brian
Martin,Kimberly,Brandon,Martin,Kimberly,Brandon
Jackson,Christina,Jonathan,Jackson,Christina,Jonathan
Thompson,Lauren,Nicholas,Thompson,Lauren,Nicholas
White,Crystal,Anthony,White,Crystal,Anthony
Lopez,Brittany,Eric,Lopez,Brittany,Eric
Lee,Rebecca,Adam,Lee,Rebecca,Adam
Gonzalez,Laura,Kevin,Gonzalez,Laura,Kevin
Harris,Danielle,Thomas,Harris,Danielle,Thomas
Clark,Emily,Steven,Clark,Emily,Steven
Lewis,Samantha,Timothy,Lewis,Samantha,Timothy
Robinson,Angela,Richard,Robinson,Angela,Richard
Walker,Erin,Jeremy,Walker,Erin,Jeremy
Perez,Kelly,Jeffrey,Perez,Kelly,Jeffrey
Hall,Sara,Kyle,Hall,Sara,Kyle
Young,Lisa,Benjamin,Young,Lisa,Benjamin
Allen,Katherine,Aaron,Allen,Katherine,Aaron
Sanchez,Andrea,Charles,Sanchez,Andrea,Charles
Wright,Jamie,Mark,Wright,Jamie,Mark
King,Mary,Jacob,King,Mary,Jacob
Scott,Erica,Stephen,Scott,Erica,Stephen
Green,Courtney,Patrick,Green,Courtney,Patrick
Baker,Kristen,Scott,Baker,Kristen,Scott
Adams,Shannon,Nathan,Adams,Shannon,Nathan
Nelson,April,Paul,Nelson,April,Paul
Hill,Katie,Sean,Hill,Katie,Sean
Ramirez,Lindsey,Travis,Ramirez,Lindsey,Travis
Campbell,Kristin,Zachary,Campbell,Kristin,Zachary
Mitchell,Lindsay,Dustin,Mitchell,Lindsay,Dustin
Roberts,Christine,Gregory,Roberts,Christine,Gregory
Carter,Alicia,Kenneth,Carter,Alicia,Kenneth
Phillips,Vanessa,Jose,Phillips,Vanessa,Jose
Evans,Maria,Tyler,Evans,Maria,Tyler
Turner,Kathryn,Jesse,Turner,Kathryn,Jesse
Torres,Allison,Alexander,Torres,Allison,Alexander
Parker,Julie,Bryan,Parker,Julie,Bryan
Collins,Anna,Samuel,Collins,Anna,Samuel
Edwards,Tara,Derek,Edwards,Tara,Derek
Stewart,Kayla,Bradley,Stewart,Kayla,Bradley
Flores,Natalie,Chad,Flores,Natalie,Chad
Morris,Victoria,Shawn,Morris,Victoria,Shawn
Nguyen,Monica,Edward,Nguyen,Monica,Edward
Murphy,Jacqueline,Jared,Murphy,Jacqueline,Jared
Rivera,Holly,Cody,Rivera,Holly,Cody
Cook,Kristina,Jordan,Cook,Kristina,Jordan
Rogers,Patricia,Peter,Rogers,Patricia,Peter
Morgan,Cassandra,Corey,Morgan,Cassandra,Corey
Peterson,Brandy,Keith,Peterson,Brandy,Keith
Cooper,Whitney,Marcus,Cooper,Whitney,Marcus
Reed,Chelsea,Juan,Reed,Chelsea,Juan
Bailey,Brandi,Donald,Bailey,Brandi,Donald
Bell,Catherine,Ronald,Bell,Catherine,Ronald
Gomez,Cynthia,Phillip,Gomez,Cynthia,Phillip
Kelly,Kathleen,George,Kelly,Kathleen,George
Howard,Veronica,Cory,Howard,Veronica,Cory
Ward,Leslie,Joel,Ward,Leslie,Joel
Cox,Natasha,Shane,Cox,Natasha,Shane
Diaz,Krystal,Douglas,Diaz,Krystal,Douglas
Richardson,Stacy,Antonio,Richardson,Stacy,Antonio
Wood,Diana,Raymond,Wood,Diana,Raymond
Watson,Erika,Carlos,Watson,Erika,Carlos
Brooks,Dana,Brett,Brooks,Dana,Brett
Bennett,Jenna,Gary,Bennett,Jenna,Gary
Gray,Meghan,Alex,Gray,Meghan,Alex
James,Carrie,Nathaniel,James,Carrie,Nathaniel
Reyes,Leah,Craig,Reyes,Leah,Craig
Cruz,Melanie,Ian,Cruz,Melanie,Ian
Hughes,Brooke,Luis,Hughes,Brooke,Luis
Price,Karen,Derrick,Price,Karen,Derrick
Myers,Alexandra,Erik,Myers,Alexandra,Erik
Long,Valerie,Casey,Long,Valerie,Casey
Foster,Caitlin,Philip,Foster,Caitlin,Philip
Sanders,Julia,Frank,Sanders,Julia,Frank
Ross,Alyssa,Evan,Ross,Alyssa,Evan
Morales,Jasmine,Gabriel,Morales,Jasmine,Gabriel
Powell,Hannah,Victor,Powell,Hannah,Victor
Sullivan,Stacey,Vincent,Sullivan,Stacey,Vincent
Russell,Brittney,Larry,Russell,Brittney,Larry
Ortiz,Susan,Austin,Ortiz,Susan,Austin
Jenkins,Margaret,Brent,Jenkins,Margaret,Brent
Gutierrez,Sandra,Seth,Gutierrez,Sandra,Seth
Perry,Candice,Wesley,Perry,Candice,Wesley
Butler,Latoya,Dennis,Butler,Latoya,Dennis
Barnes,Bethany,Todd,Barnes,Bethany,Todd
Fisher,Misty,Christian,Fisher,Misty,Christian
